[
  {
    "Id": 0,
    "Email": "divya@gmail.com",
    "PasswordHash": "AQAAAAIAAYagAAAAEBcaHqGiHbQlYYcQ705F9htRYs7OruEePT\u002BFNtPkmf14LrC/B\u002BiHCtt/2Ru7/o3BRw=="
  },
  {
    "Id": 0,
    "Email": "deena@gmail.com",
    "PasswordHash": "AQAAAAIAAYagAAAAENhBPcis2c1H/s1\u002BwNiLQTGn/zWwprTxU2ON4mcbCxJWu7/PdXdJpwjKwyQBIe55Gw=="
  },
  {
    "Id": 0,
    "Email": "deena1234@gmail.com",
    "PasswordHash": "AQAAAAIAAYagAAAAEATuGLS\u002Bs/YWqnfijndXcnDB6m\u002BSgoJ077L5OZlQukcB0zLww\u002BoUvE6TYH40sBMk2Q=="
  },
  {
    "Id": 0,
    "Email": "gvinay1@gmail.com",
    "PasswordHash": "AQAAAAIAAYagAAAAEDR/HeoKT/PrT0K2bEn/wrExbB9nh8AA\u002ByrLFWsjrdFMaA0Je/13k30HpgHSBRH4WQ=="
  },
  {
    "Id": 0,
    "Email": "gvinay@gmail.com",
    "PasswordHash": "AQAAAAIAAYagAAAAEL0P/jb/vc8dniYKSHH\u002BjQ8DQfSOD2hk4aZZVcJgwpLrC5lJOzbUMC8HYBk0txmJ9w=="
  },
  {
    "Id": 0,
    "Email": "gvinay12@gmail.com",
    "PasswordHash": "AQAAAAIAAYagAAAAEOJJG1psSflHIsIwH7bbin3ean7BPWiunX0\u002BTtZqleRGubR3uL\u002BmumbLbT/l8CVzFg=="
  },
  {
    "Id": 0,
    "Email": "Divi@gmail.com",
    "PasswordHash": "AQAAAAIAAYagAAAAELvtiWJfafcVTYts3sT6Nlw3HAUvv7eWN/lOeN14U8BcPdAUvUs4JzLJauz4\u002BuklSQ=="
  },
  {
    "Id": 0,
    "Email": "Divi1@gmail.com",
    "PasswordHash": "AQAAAAIAAYagAAAAEKf1kfVsx8vOaugi/smLd7S1BhQbpAn4v7OrdGanJ50jr3BeXH6LRIfhY3iwaOWs6w=="
  },
  {
    "Id": 0,
    "Email": "deena1@gmail.com",
    "PasswordHash": "AQAAAAIAAYagAAAAEEJBtNimZS4XPb/opzGsyWFUZyMyv9I1Ax2efUJaaErY6i5Kmh9evTnofuwf7UYtFA=="
  },
  {
    "Id": 0,
    "Email": "divya123446@gmail.com",
    "PasswordHash": "AQAAAAIAAYagAAAAEEqxI\u002BsKwu5zNMkBYZ1RMCtQorUriM34zuQM0cTr4Ulkwr7pJuQukwbExHjzjAVCWw=="
  },
  {
    "Id": 0,
    "Email": "Deena51951@gmail.com",
    "PasswordHash": "AQAAAAIAAYagAAAAEF8VdWXCEnuqqfA0mipoa\u002BbMFEH6DILqzurvzANAI5YclqYokRBsn11PmgH/eO3xkQ=="
  },
  {
    "Id": 0,
    "Email": "divya098@gmail.com",
    "PasswordHash": "AQAAAAIAAYagAAAAEOTakFd1sOByJL7JYlXeGiqMWRLe239giFbYcWpZ3iJWOPMDhVHO8tBts2NfLJ5sNA=="
  },
  {
    "Id": 1,
    "Email": "Chikku@gmail.com",
    "PasswordHash": "AQAAAAIAAYagAAAAEFh\u002BBjJLXnSajUgR/l4yLrJNJmracxGCUEv1j6WY0ixxC19NyCIIp6BgrGZFW8T8Yg=="
  },
  {
    "Id": 2,
    "Email": "naina@gmail.com",
    "PasswordHash": "AQAAAAIAAYagAAAAEOtG2QfZrOVN7Sw4sTJQU0ZprvQe5vXYRFf7iRH4xalvPCSAKCROjutepJ7qJheNZg=="
  },
  {
    "Id": 3,
    "Email": "lily@gmail.com",
    "PasswordHash": "AQAAAAIAAYagAAAAEIzMoXpt9LFg/GaBvuVcmmNUER3hlOXW/vli7r0VJh\u002BZaamXDuO7sdZbTmIMEUSfYQ=="
  },
  {
    "Id": 4,
    "Email": "arun123@gmail.com",
    "PasswordHash": "AQAAAAIAAYagAAAAEDGMdA4vy3hlKn8JgePPutASNOzcr64yYe4uP3Vg6tKLlkeJkbeUjzU2jbuWyqhGPw=="
  }
]